{"access_token": "ya29.GlwWBVkvlPPxuQJcbnQC0OiAwYOsTM_0Ih3K9NB8m3ubvgu_mAsyAvFTSDcI_rOD9QCN39EIyKJws4kqH16SYp94hQZ-8M6d1IjqEoJcRrOJzOfNJBuVXjyeBOkijQ", "client_id": "35902994716-hj4o56btkr3h2tkih1bf4jr54r7r8ugi.apps.googleusercontent.com", "client_secret": "Ez4ST_yHJmEdUG_r_8ckFWKn", "refresh_token": "1/DLfaKdQcwpW2eEpMAcIRPdj9sqZsq3FuG2lLKw0zw84", "token_expiry": "2017-12-02T12:04:33Z", "token_uri": "https://accounts.google.com/o/oauth2/token", "user_agent": null, "revoke_uri": "https://accounts.google.com/o/oauth2/revoke", "id_token": null, "id_token_jwt": null, "token_response": {"access_token": "ya29.GlwWBVkvlPPxuQJcbnQC0OiAwYOsTM_0Ih3K9NB8m3ubvgu_mAsyAvFTSDcI_rOD9QCN39EIyKJws4kqH16SYp94hQZ-8M6d1IjqEoJcRrOJzOfNJBuVXjyeBOkijQ", "expires_in": 3600, "token_type": "Bearer"}, "scopes": ["https://www.googleapis.com/auth/gmail.readonly"], "token_info_uri": "https://www.googleapis.com/oauth2/v3/tokeninfo", "invalid": false, "_class": "OAuth2Credentials", "_module": "oauth2client.client"}